ORB_Hours,HTF,RR_Target,Total_Trades,Wins,Win_Rate,Net_Profit,ROI,Avg_RR,Sharpe,Max_DD
1.5,4h,2.5,31,12,38.70967741935484,80.42253038419182,22.339591773386616,0.35483870967741926,1.1290403186549283,-7.629976076235491
2.0,4h,2.5,31,12,38.70967741935484,80.42253038419182,22.339591773386616,0.35483870967741926,1.1290403186549283,-7.629976076235491
